instance_id,case,n,run,target,sum_values,values
1,best,8,1,1000,3567,1000 398 274 306 434 458 253 444
2,best,8,2,1000,2515,1000 78 242 88 181 340 150 436
3,best,8,3,1000,2684,1000 93 46 279 334 205 251 476
4,best,8,4,1000,2291,1000 96 39 137 270 321 113 315
5,best,8,5,1000,3039,1000 44 259 498 236 312 306 384
6,best,8,6,1000,2399,1000 385 401 97 6 174 288 48
7,best,8,7,1000,3111,1000 141 426 384 290 467 386 17
8,best,8,8,1000,2551,1000 472 74 137 143 411 250 64
9,best,8,9,1000,3156,1000 384 261 96 261 281 460 413
10,best,8,10,1000,2446,1000 216 132 194 317 16 126 445
11,best,8,11,1000,3517,1000 232 288 359 364 309 467 498
12,best,8,12,1000,3161,1000 472 173 467 173 266 225 385
13,best,8,13,1000,2284,1000 150 382 84 68 233 329 38
14,best,8,14,1000,2333,1000 227 133 242 136 57 255 283
15,best,8,15,1000,2777,1000 470 263 382 56 260 302 44
16,best,8,16,1000,2788,1000 227 293 250 341 220 209 248
17,best,8,17,1000,3147,1000 460 485 182 472 278 6 264
18,best,8,18,1000,2812,1000 319 220 243 361 110 222 337
19,best,8,19,1000,2028,1000 189 31 41 25 224 240 278
20,best,8,20,1000,3072,1000 489 291 404 123 461 141 163
21,best,8,21,1000,3108,1000 21 202 376 427 279 498 305
22,best,8,22,1000,2821,1000 444 436 398 30 489 15 9
23,best,8,23,1000,2854,1000 121 239 187 387 349 314 257
24,best,8,24,1000,3262,1000 497 451 476 205 184 407 42
25,best,8,25,1000,2961,1000 299 150 398 133 160 379 442
26,best,8,26,1000,2272,1000 65 59 25 13 346 326 438
27,best,8,27,1000,2727,1000 344 237 433 61 283 132 237
28,best,8,28,1000,3008,1000 389 212 153 273 56 433 492
29,best,8,29,1000,3103,1000 463 335 407 225 22 213 438
30,best,8,30,1000,2779,1000 215 226 444 167 375 26 326
31,best,10,1,1000,2895,1000 23 366 97 467 424 12 187 213 106
32,best,10,2,1000,3023,1000 246 256 93 234 90 347 84 495 178
33,best,10,3,1000,3076,1000 158 207 77 309 80 200 325 424 296
34,best,10,4,1000,3766,1000 262 340 125 494 460 140 366 278 301
35,best,10,5,1000,3246,1000 443 271 1 197 78 416 205 297 338
36,best,10,6,1000,2998,1000 45 422 71 407 89 476 289 20 179
37,best,10,7,1000,3819,1000 248 29 416 417 152 449 382 409 317
38,best,10,8,1000,3156,1000 461 217 93 338 16 464 217 49 301
39,best,10,9,1000,3420,1000 432 380 497 138 419 49 78 3 424
40,best,10,10,1000,3149,1000 88 417 321 364 18 139 355 293 154
41,best,10,11,1000,3176,1000 20 453 219 226 55 356 215 345 287
42,best,10,12,1000,2976,1000 39 7 498 407 365 36 128 34 462
43,best,10,13,1000,3309,1000 254 465 426 102 260 333 34 167 268
44,best,10,14,1000,2716,1000 352 264 168 249 381 85 73 41 103
45,best,10,15,1000,3096,1000 314 227 381 174 182 459 5 7 347
46,best,10,16,1000,3299,1000 33 480 455 295 195 270 283 183 105
47,best,10,17,1000,3368,1000 174 158 225 264 171 208 301 449 418
48,best,10,18,1000,3561,1000 162 447 258 45 358 32 488 371 400
49,best,10,19,1000,3893,1000 487 133 488 296 494 365 140 442 48
50,best,10,20,1000,3425,1000 460 156 158 84 454 383 47 383 300
51,best,10,21,1000,3011,1000 369 402 25 105 143 130 138 443 256
52,best,10,22,1000,2569,1000 339 127 116 11 339 256 162 26 193
53,best,10,23,1000,3206,1000 36 274 225 277 186 303 287 139 479
54,best,10,24,1000,4150,1000 435 339 183 355 403 437 342 207 449
55,best,10,25,1000,3260,1000 227 128 310 107 166 459 127 500 236
56,best,10,26,1000,4015,1000 399 263 358 436 416 10 384 342 407
57,best,10,27,1000,3115,1000 353 399 487 105 134 59 416 135 27
58,best,10,28,1000,3672,1000 499 183 173 417 433 280 124 136 427
59,best,10,29,1000,3249,1000 227 31 182 318 185 224 379 224 479
60,best,10,30,1000,2829,1000 68 273 204 81 161 431 73 127 411
61,best,12,1,1000,3680,1000 350 292 29 67 419 261 425 199 124 378 136
62,best,12,2,1000,3462,1000 203 187 219 376 319 29 36 222 218 447 206
63,best,12,3,1000,3528,1000 434 185 308 81 179 118 170 17 179 466 391
64,best,12,4,1000,3110,1000 37 14 488 27 463 86 113 153 234 228 267
65,best,12,5,1000,3498,1000 254 471 93 59 386 194 220 95 232 462 32
66,best,12,6,1000,3501,1000 175 107 141 75 396 217 405 227 222 116 420
67,best,12,7,1000,3952,1000 367 455 412 382 32 24 256 183 85 284 472
68,best,12,8,1000,4330,1000 197 113 85 401 379 414 252 337 439 363 350
69,best,12,9,1000,3245,1000 406 383 13 489 30 170 37 97 223 90 307
70,best,12,10,1000,3463,1000 432 320 82 398 488 275 73 208 76 85 26
71,best,12,11,1000,3039,1000 198 348 115 23 26 90 205 286 374 83 291
72,best,12,12,1000,3520,1000 258 274 85 241 423 317 49 451 179 125 118
73,best,12,13,1000,4549,1000 305 436 180 326 219 391 62 418 377 455 380
74,best,12,14,1000,3394,1000 121 101 156 220 1 445 138 162 172 428 450
75,best,12,15,1000,3673,1000 77 330 149 395 91 53 107 303 449 280 439
76,best,12,16,1000,4448,1000 385 154 25 36 146 452 500 462 422 447 419
77,best,12,17,1000,4550,1000 284 490 456 151 199 341 226 56 454 401 492
78,best,12,18,1000,3262,1000 427 17 375 362 41 423 16 234 59 233 75
79,best,12,19,1000,3773,1000 20 498 329 254 265 50 327 182 388 147 313
80,best,12,20,1000,4036,1000 319 150 424 383 248 75 21 414 445 300 257
81,best,12,21,1000,3202,1000 103 318 490 420 354 143 31 172 87 30 54
82,best,12,22,1000,3804,1000 250 20 34 190 470 162 457 321 18 388 494
83,best,12,23,1000,3803,1000 141 130 202 441 342 56 170 352 403 316 250
84,best,12,24,1000,3632,1000 7 360 308 278 230 236 203 57 486 150 317
85,best,12,25,1000,3694,1000 137 168 238 395 399 267 77 250 49 300 414
86,best,12,26,1000,4108,1000 467 166 107 449 316 193 74 428 208 365 335
87,best,12,27,1000,3667,1000 133 10 274 409 377 316 435 394 120 107 92
88,best,12,28,1000,4322,1000 303 489 169 184 352 181 98 378 196 490 482
89,best,12,29,1000,2983,1000 71 251 436 244 11 183 281 81 223 39 163
90,best,12,30,1000,4481,1000 494 422 231 103 276 431 314 122 339 353 396
91,best,14,1,1000,4286,1000 282 176 304 250 88 97 244 235 296 353 141 420 400
92,best,14,2,1000,3822,1000 131 311 378 69 404 361 462 145 41 24 85 333 78
93,best,14,3,1000,5340,1000 35 306 491 402 488 430 369 36 480 335 476 171 321
94,best,14,4,1000,4603,1000 39 464 358 6 223 314 295 357 345 365 97 469 271
95,best,14,5,1000,3942,1000 168 367 146 234 369 101 85 327 356 105 155 277 252
96,best,14,6,1000,3989,1000 238 286 51 127 338 333 252 36 326 365 199 406 32
97,best,14,7,1000,4304,1000 224 87 13 285 46 416 485 380 393 326 38 204 407
98,best,14,8,1000,4648,1000 196 289 458 488 145 388 135 142 168 175 246 373 445
99,best,14,9,1000,4741,1000 109 286 467 431 411 408 56 429 329 247 374 41 153
100,best,14,10,1000,4346,1000 346 255 412 352 210 159 369 84 392 409 235 109 14
101,best,14,11,1000,4707,1000 348 24 263 491 420 477 215 456 357 206 144 1 305
102,best,14,12,1000,3852,1000 97 419 400 1 89 134 368 88 372 1 21 454 408
103,best,14,13,1000,4780,1000 113 50 395 488 434 378 139 438 134 411 307 29 464
104,best,14,14,1000,3513,1000 69 277 82 386 12 9 431 240 339 153 63 249 203
105,best,14,15,1000,3700,1000 437 483 469 159 48 175 105 73 234 97 95 127 198
106,best,14,16,1000,4507,1000 356 128 53 83 68 343 499 32 434 416 363 473 259
107,best,14,17,1000,3960,1000 310 318 319 267 228 108 106 58 278 261 356 198 153
108,best,14,18,1000,4738,1000 21 474 111 413 19 489 290 359 280 176 467 274 365
109,best,14,19,1000,5039,1000 401 416 386 189 206 492 267 25 108 437 430 349 333
110,best,14,20,1000,3490,1000 78 6 388 307 65 212 161 80 47 439 200 143 364
111,best,14,21,1000,4888,1000 408 271 168 355 338 342 375 129 474 228 175 189 436
112,best,14,22,1000,4016,1000 71 382 55 155 148 371 459 104 90 340 467 284 90
113,best,14,23,1000,4286,1000 64 51 278 426 399 374 17 152 390 78 470 451 136
114,best,14,24,1000,3941,1000 281 8 102 425 22 260 159 481 120 234 49 335 465
115,best,14,25,1000,4155,1000 272 129 17 125 387 427 495 159 337 263 63 356 125
116,best,14,26,1000,4226,1000 131 326 111 53 42 391 94 375 317 469 224 378 315
117,best,14,27,1000,4587,1000 255 373 139 172 485 266 306 79 325 328 407 65 387
118,best,14,28,1000,4116,1000 112 236 345 325 358 312 77 205 167 18 243 387 331
119,best,14,29,1000,4079,1000 98 31 320 259 419 406 28 181 76 309 486 35 431
120,best,14,30,1000,4593,1000 312 73 225 270 215 478 421 433 73 253 337 42 461
121,best,15,1,1000,4538,1000 120 375 471 64 323 127 321 466 170 225 290 30 99 457
122,best,15,2,1000,5347,1000 18 466 493 477 109 422 26 138 205 473 359 356 340 465
123,best,15,3,1000,4853,1000 349 319 103 462 170 200 12 286 492 284 349 388 397 42
124,best,15,4,1000,4262,1000 117 82 72 249 202 158 227 93 385 149 495 254 378 401
125,best,15,5,1000,4601,1000 81 277 305 272 75 388 81 329 248 448 57 455 412 173
126,best,15,6,1000,4345,1000 134 172 436 139 1 496 107 449 322 109 152 466 17 345
127,best,15,7,1000,5677,1000 156 382 479 402 239 306 398 405 166 462 409 437 283 153
128,best,15,8,1000,3575,1000 234 59 15 9 184 266 217 371 92 80 159 210 498 181
129,best,15,9,1000,4340,1000 229 291 128 100 234 108 173 163 375 347 497 19 374 302
130,best,15,10,1000,3503,1000 261 168 196 363 2 329 222 4 31 417 92 272 5 141
131,best,15,11,1000,4268,1000 53 454 26 79 300 189 481 394 14 51 176 316 397 338
132,best,15,12,1000,4283,1000 163 435 338 143 493 402 59 218 152 54 373 173 61 219
133,best,15,13,1000,5320,1000 315 378 499 334 313 191 158 357 131 455 66 331 298 494
134,best,15,14,1000,3892,1000 356 391 493 49 351 128 254 29 71 109 64 291 60 246
135,best,15,15,1000,4651,1000 250 22 417 432 252 48 397 25 426 349 266 220 436 111
136,best,15,16,1000,4174,1000 371 401 204 289 183 137 454 210 368 227 53 186 9 82
137,best,15,17,1000,4538,1000 155 250 171 262 290 452 86 459 146 307 33 209 380 338
138,best,15,18,1000,3892,1000 445 395 17 117 136 192 369 180 123 124 292 144 200 158
139,best,15,19,1000,3619,1000 10 376 83 302 460 52 97 32 55 442 300 308 76 26
140,best,15,20,1000,5625,1000 321 406 184 205 211 333 350 120 438 230 357 500 484 486
141,best,15,21,1000,3813,1000 340 75 251 12 404 21 459 95 398 27 341 54 289 47
142,best,15,22,1000,4907,1000 74 100 443 437 499 65 39 171 308 464 340 161 456 350
143,best,15,23,1000,3809,1000 224 243 59 371 207 312 66 347 71 153 187 174 59 336
144,best,15,24,1000,3641,1000 84 53 24 295 258 102 333 150 151 304 378 89 10 410
145,best,15,25,1000,4376,1000 188 217 379 56 294 273 179 241 259 409 448 30 189 214
146,best,15,26,1000,4040,1000 231 273 3 22 457 348 240 356 332 29 110 160 112 367
147,best,15,27,1000,4578,1000 345 64 206 418 129 431 99 15 443 497 340 33 64 494
148,best,15,28,1000,3987,1000 63 49 192 190 401 211 76 496 436 215 50 91 125 392
149,best,15,29,1000,5010,1000 103 434 56 206 126 109 492 331 380 331 273 486 246 437
150,best,15,30,1000,3192,1000 266 99 404 196 64 69 56 386 49 38 242 226 79 18
151,best,16,1,1000,5720,1000 467 351 383 22 456 291 350 363 434 265 7 430 453 105 343
152,best,16,2,1000,4250,1000 432 247 119 426 300 235 68 380 48 55 83 324 399 14 120
153,best,16,3,1000,4633,1000 367 104 238 128 319 20 384 85 407 221 89 318 369 291 293
154,best,16,4,1000,4270,1000 15 43 8 306 333 201 185 424 199 414 200 238 465 187 52
155,best,16,5,1000,4428,1000 231 82 333 65 124 192 266 303 294 326 84 209 261 171 487
156,best,16,6,1000,4035,1000 174 63 453 274 231 11 94 54 206 276 233 345 421 141 59
157,best,16,7,1000,4999,1000 400 285 179 237 426 222 54 91 479 309 65 416 379 110 347
158,best,16,8,1000,3937,1000 338 257 3 253 133 397 246 132 57 339 94 138 33 34 483
159,best,16,9,1000,4761,1000 318 202 482 61 266 247 402 174 495 218 158 110 205 25 398
160,best,16,10,1000,4859,1000 217 497 45 86 458 493 384 58 113 146 27 359 125 415 436
161,best,16,11,1000,4848,1000 226 200 146 323 446 123 247 205 455 448 165 193 86 107 478
162,best,16,12,1000,5466,1000 398 43 184 267 378 130 334 333 341 471 185 449 393 491 69
163,best,16,13,1000,5168,1000 12 352 418 191 70 161 331 303 496 405 458 221 213 174 363
164,best,16,14,1000,5025,1000 440 260 282 65 249 224 442 91 71 319 484 442 299 89 268
165,best,16,15,1000,4795,1000 433 127 74 217 270 186 140 387 238 393 133 102 269 397 429
166,best,16,16,1000,5046,1000 410 85 7 343 186 280 227 262 358 348 375 195 361 339 270
167,best,16,17,1000,4825,1000 376 44 197 168 493 365 154 35 454 133 316 226 207 215 442
168,best,16,18,1000,4496,1000 270 376 381 296 30 9 246 48 210 348 160 458 184 464 16
169,best,16,19,1000,4717,1000 282 20 297 206 331 288 428 475 89 72 454 441 250 26 58
170,best,16,20,1000,5271,1000 383 350 376 329 456 352 3 418 54 88 435 133 286 155 453
171,best,16,21,1000,4840,1000 130 394 248 493 405 30 275 122 352 345 35 436 413 120 42
172,best,16,22,1000,5027,1000 95 225 113 282 340 407 439 40 275 337 411 499 15 422 127
173,best,16,23,1000,4115,1000 271 248 91 44 63 359 210 48 451 269 393 61 216 245 146
174,best,16,24,1000,4828,1000 394 389 27 414 345 139 65 371 372 49 320 339 184 326 94
175,best,16,25,1000,5098,1000 461 377 27 45 190 25 306 453 367 474 361 56 439 332 185
176,best,16,26,1000,5451,1000 353 70 390 478 386 409 461 44 50 128 407 240 328 269 438
177,best,16,27,1000,4534,1000 7 254 335 232 103 497 60 326 207 308 125 459 223 368 30
178,best,16,28,1000,4522,1000 385 6 480 85 24 321 55 227 67 496 317 193 245 485 136
179,best,16,29,1000,5160,1000 264 496 357 444 299 396 472 144 292 15 202 36 181 466 96
180,best,16,30,1000,4474,1000 83 181 342 234 180 421 92 280 40 416 251 299 112 256 287
181,best,18,1,1000,5084,1000 21 458 489 285 51 84 271 257 472 280 383 5 22 152 186 416 252
182,best,18,2,1000,6033,1000 177 480 262 355 106 308 498 96 337 295 473 237 434 45 136 392 402
183,best,18,3,1000,5922,1000 358 500 259 449 432 263 497 318 23 7 384 204 115 369 137 260 347
184,best,18,4,1000,5905,1000 70 46 19 329 134 349 429 73 494 301 321 388 342 249 448 462 451
185,best,18,5,1000,4761,1000 407 12 369 257 392 54 242 207 10 14 350 131 76 405 404 97 334
186,best,18,6,1000,4686,1000 182 42 60 465 45 298 355 344 298 111 40 84 266 223 449 287 137
187,best,18,7,1000,4235,1000 228 125 363 11 310 118 320 419 84 37 5 157 330 194 94 106 334
188,best,18,8,1000,5532,1000 481 38 296 360 177 293 321 373 74 142 370 485 117 131 27 458 389
189,best,18,9,1000,6022,1000 497 331 335 464 228 259 161 484 437 94 147 357 278 244 185 278 243
190,best,18,10,1000,5520,1000 353 318 478 294 82 351 115 170 494 51 394 51 423 259 98 227 362
191,best,18,11,1000,5146,1000 360 389 170 339 301 294 226 56 197 469 314 376 251 105 87 3 209
192,best,18,12,1000,6117,1000 267 157 209 196 259 12 323 17 433 405 459 500 427 289 428 277 459
193,best,18,13,1000,4878,1000 138 472 422 84 102 189 5 490 93 40 462 87 221 118 335 291 329
194,best,18,14,1000,5419,1000 39 368 379 108 182 279 301 229 297 122 300 473 65 299 497 173 308
195,best,18,15,1000,4984,1000 407 500 249 160 126 186 137 51 346 290 477 125 4 58 373 305 190
196,best,18,16,1000,5513,1000 24 207 120 329 472 462 312 101 33 329 465 347 312 425 244 127 204
197,best,18,17,1000,4739,1000 23 149 95 336 397 379 9 80 30 196 409 197 351 387 169 500 32
198,best,18,18,1000,5651,1000 7 212 409 111 411 491 315 290 354 440 498 26 254 141 199 198 295
199,best,18,19,1000,5679,1000 496 165 59 357 179 10 300 372 14 411 189 30 406 407 429 363 492
200,best,18,20,1000,4741,1000 78 376 202 330 442 349 64 195 108 468 269 93 127 4 325 125 186
201,best,18,21,1000,6485,1000 188 312 158 292 337 354 454 495 1 249 427 423 216 179 443 489 468
202,best,18,22,1000,6551,1000 463 203 472 305 489 404 74 431 288 3 214 397 487 349 492 201 279
203,best,18,23,1000,4759,1000 76 477 189 27 402 344 369 57 98 4 83 258 70 97 417 336 455
204,best,18,24,1000,5528,1000 11 144 153 122 170 363 465 295 436 227 302 396 386 289 320 94 355
205,best,18,25,1000,4951,1000 325 84 476 405 106 314 217 309 346 5 160 364 391 103 16 170 160
206,best,18,26,1000,5324,1000 171 108 74 318 287 80 59 489 461 284 412 298 292 66 448 460 17
207,best,18,27,1000,4517,1000 51 470 356 77 4 232 29 362 266 205 54 125 384 60 373 39 430
208,best,18,28,1000,5672,1000 195 320 286 188 489 383 38 84 211 201 301 407 243 399 304 307 316
209,best,18,29,1000,4174,1000 112 36 188 281 152 119 270 110 446 336 125 315 152 226 159 43 104
210,best,18,30,1000,4905,1000 233 49 305 274 433 8 296 302 238 174 349 2 263 417 176 194 192
211,best,20,1,1000,6615,1000 435 380 390 463 26 421 312 327 249 178 169 382 357 436 151 162 283 82 412
212,best,20,2,1000,6290,1000 76 499 269 325 470 49 55 243 31 459 447 332 246 417 353 221 83 273 442
213,best,20,3,1000,6275,1000 288 39 179 200 434 350 264 247 274 471 250 326 82 299 343 462 241 250 276
214,best,20,4,1000,6203,1000 461 277 383 231 3 384 483 157 151 269 68 388 84 476 290 170 275 299 354
215,best,20,5,1000,4998,1000 36 129 301 354 29 35 62 428 451 292 468 174 133 390 49 29 198 87 353
216,best,20,6,1000,6730,1000 27 335 221 440 12 424 414 460 455 364 285 139 108 226 216 388 489 301 426
217,best,20,7,1000,7290,1000 47 104 476 471 477 485 440 132 67 473 467 255 209 347 209 442 429 367 393
218,best,20,8,1000,5807,1000 480 16 40 104 467 24 407 329 126 18 64 458 212 362 423 311 198 373 395
219,best,20,9,1000,5374,1000 249 354 38 96 493 244 62 194 325 22 226 427 6 489 418 235 104 158 234
220,best,20,10,1000,5264,1000 297 453 122 35 262 295 179 13 233 370 52 76 480 421 466 15 47 214 234
221,best,20,11,1000,5823,1000 450 234 64 97 167 64 391 309 332 469 136 415 66 458 156 379 315 119 202
222,best,20,12,1000,5682,1000 210 72 311 137 221 359 352 33 414 369 245 211 361 437 3 347 272 147 181
223,best,20,13,1000,5501,1000 326 125 283 221 288 244 103 254 423 61 60 226 313 8 275 165 483 234 409
224,best,20,14,1000,5468,1000 119 335 183 344 379 268 465 269 149 110 171 16 192 111 263 166 426 230 272
225,best,20,15,1000,6393,1000 443 331 422 347 243 318 326 324 148 223 411 326 224 70 445 257 35 91 409
226,best,20,16,1000,6149,1000 202 372 460 81 175 180 428 396 129 66 468 285 493 200 20 287 279 447 181
227,best,20,17,1000,5913,1000 246 243 325 245 470 123 130 262 481 310 103 16 148 377 465 451 64 388 66
228,best,20,18,1000,6615,1000 294 372 339 233 247 436 137 287 395 416 75 293 468 273 339 242 233 239 297
229,best,20,19,1000,5778,1000 149 463 432 84 466 459 88 478 151 167 41 75 351 214 498 11 161 479 11
230,best,20,20,1000,4677,1000 181 176 122 65 254 123 456 144 289 156 115 255 437 258 131 104 106 82 223
231,best,20,21,1000,6606,1000 254 480 284 57 446 206 315 300 163 245 496 430 18 218 496 201 480 46 471
232,best,20,22,1000,4951,1000 303 139 268 149 39 389 458 158 130 98 126 73 290 26 312 412 5 484 92
233,best,20,23,1000,6353,1000 147 336 313 83 472 219 483 218 412 67 355 305 230 144 403 64 497 201 404
234,best,20,24,1000,6578,1000 417 409 392 218 489 129 399 416 410 250 58 237 412 76 191 142 312 405 216
235,best,20,25,1000,5949,1000 95 208 493 206 79 253 120 191 367 465 451 231 190 180 464 210 320 397 29
236,best,20,26,1000,6300,1000 464 225 311 259 419 494 373 64 254 418 397 57 353 45 484 176 31 409 67
237,best,20,27,1000,6220,1000 460 31 353 151 149 67 350 403 110 268 297 140 392 129 460 378 394 424 264
238,best,20,28,1000,6265,1000 408 385 213 443 411 269 88 1 345 121 265 485 130 209 199 20 477 298 498
239,best,20,29,1000,5012,1000 313 283 346 51 135 185 214 222 406 19 258 38 351 456 94 96 195 114 236
240,best,20,30,1000,5763,1000 141 391 433 67 59 398 321 90 388 206 477 141 20 73 375 36 229 476 442
241,average,8,1,2385,4592,866 460 573 246 584 544 623 696
242,average,8,2,2190,3891,386 984 888 141 134 273 598 487
243,average,8,3,2129,3963,580 344 790 649 709 365 126 400
244,average,8,4,2390,4295,355 679 849 525 370 470 864 183
245,average,8,5,2558,4657,64 937 19 959 425 865 456 932
246,average,8,6,1834,3664,647 653 661 401 246 606 18 432
247,average,8,7,2195,3890,448 379 329 120 750 215 1000 649
248,average,8,8,2025,4105,587 606 676 475 662 317 561 221
249,average,8,9,1361,3322,256 801 171 514 202 180 280 918
250,average,8,10,2231,4082,360 601 755 832 139 536 457 402
251,average,8,11,1525,3637,613 311 261 413 252 758 671 358
252,average,8,12,1394,2484,268 62 924 130 181 276 279 364
253,average,8,13,2328,4921,246 877 715 690 654 771 777 191
254,average,8,14,1868,3780,38 710 592 988 19 658 286 489
255,average,8,15,1653,2924,456 545 351 305 3 174 687 403
256,average,8,16,2772,4968,510 876 918 586 267 920 387 504
257,average,8,17,2626,4422,339 54 640 614 866 559 428 922
258,average,8,18,2863,5306,519 822 562 1000 680 960 432 331
259,average,8,19,1471,2719,214 123 523 904 135 438 300 82
260,average,8,20,1850,3479,435 799 455 104 419 276 706 285
261,average,8,21,1971,4470,623 603 304 699 410 429 620 782
262,average,8,22,1851,4162,943 427 550 99 862 849 303 129
263,average,8,23,1914,3720,391 672 18 632 598 482 597 330
264,average,8,24,2699,5064,477 589 845 980 658 612 452 451
265,average,8,25,1875,3744,287 824 188 318 251 983 52 841
266,average,8,26,2189,3775,356 737 289 527 671 489 486 220
267,average,8,27,1996,4800,786 563 846 360 907 74 854 410
268,average,8,28,1894,3532,554 290 795 60 615 74 149 995
269,average,8,29,3091,5182,418 891 693 861 928 272 264 855
270,average,8,30,1531,3075,51 794 353 86 665 155 821 150
271,average,10,1,2828,4935,945 655 924 208 613 78 650 437 282 143
272,average,10,2,2837,5977,684 928 222 962 785 471 525 663 110 627
273,average,10,3,3033,5867,989 769 382 640 870 247 869 490 72 539
274,average,10,4,2383,4215,189 205 897 258 597 222 156 613 111 967
275,average,10,5,2375,4334,845 255 499 287 421 339 71 165 784 668
276,average,10,6,2323,4166,475 98 514 896 162 540 109 225 829 318
277,average,10,7,1905,3560,194 539 262 427 890 234 65 143 466 340
278,average,10,8,2108,3958,443 745 86 560 666 242 87 270 410 449
279,average,10,9,2354,4404,410 567 91 430 296 972 22 329 923 364
280,average,10,10,1918,4500,998 221 771 442 744 78 180 197 369 500
281,average,10,11,3082,6043,524 833 871 690 769 517 303 283 404 849
282,average,10,12,2925,4935,613 402 191 568 412 900 502 769 502 76
283,average,10,13,1904,4378,557 734 151 112 519 327 684 246 75 973
284,average,10,14,2246,4784,756 144 947 24 806 670 964 302 135 36
285,average,10,15,2385,5188,283 821 783 117 512 326 538 815 261 732
286,average,10,16,2969,5578,772 756 4 662 150 452 772 187 863 960
287,average,10,17,3283,5878,640 747 357 670 697 256 517 560 843 591
288,average,10,18,2948,5902,85 472 781 623 846 653 461 600 973 408
289,average,10,19,2593,4623,155 65 404 117 853 44 483 857 950 695
290,average,10,20,1860,3844,145 517 386 605 788 657 156 169 10 411
291,average,10,21,3167,6066,974 468 936 892 282 566 816 846 17 269
292,average,10,22,2728,4917,216 296 597 246 790 490 454 721 697 410
293,average,10,23,2808,4846,623 681 672 460 34 523 590 685 574 4
294,average,10,24,2389,4987,931 277 640 61 443 144 721 162 718 890
295,average,10,25,2456,5837,174 781 845 989 363 363 898 335 553 536
296,average,10,26,3125,6175,712 126 798 809 836 682 613 499 624 476
297,average,10,27,2523,5072,371 679 581 451 197 368 450 771 703 501
298,average,10,28,2392,4796,144 937 547 345 659 575 299 195 382 713
299,average,10,29,1593,2974,8 178 436 104 421 589 55 612 534 37
300,average,10,30,2380,4399,327 30 677 5 579 346 793 264 552 826
301,average,12,1,4311,7311,513 835 683 693 672 788 649 849 897 132 137 463
302,average,12,2,3219,6398,285 152 817 584 407 572 740 881 459 872 342 287
303,average,12,3,3133,6329,869 83 991 314 409 442 939 810 60 95 335 982
304,average,12,4,3887,6534,965 945 764 501 221 81 939 224 485 658 177 574
305,average,12,5,3156,6598,478 785 559 312 844 178 865 500 412 321 426 918
306,average,12,6,1938,4698,414 325 152 476 498 357 388 836 543 8 549 152
307,average,12,7,2802,5022,151 930 869 596 202 164 587 834 304 352 30 3
308,average,12,8,2768,5932,786 68 368 508 563 713 253 181 879 806 169 638
309,average,12,9,2317,5716,518 318 503 339 190 761 10 330 878 202 667 1000
310,average,12,10,2851,6335,195 627 874 608 363 151 720 630 178 786 711 492
311,average,12,11,3050,6837,893 895 252 726 554 891 31 247 282 713 372 981
312,average,12,12,2520,4654,359 414 311 679 670 370 149 314 432 101 447 408
313,average,12,13,3205,6047,420 223 143 969 406 446 413 5 704 646 717 955
314,average,12,14,1845,4234,655 180 628 54 2 465 296 475 547 57 477 398
315,average,12,15,3152,6438,919 168 819 892 410 914 504 49 368 204 267 924
316,average,12,16,3625,6084,785 825 148 83 861 475 879 196 964 220 374 274
317,average,12,17,3004,7060,987 565 332 642 399 65 917 801 538 722 989 103
318,average,12,18,2926,6604,875 987 142 71 814 495 638 814 658 146 456 508
319,average,12,19,3023,6245,338 281 800 321 427 555 43 280 850 900 837 613
320,average,12,20,3063,6390,783 164 951 451 502 801 606 826 410 20 290 586
321,average,12,21,2235,5336,626 672 114 824 47 901 982 362 50 326 371 61
322,average,12,22,3388,7574,392 991 991 997 413 699 723 46 347 770 401 804
323,average,12,23,2674,4607,244 534 893 156 246 422 43 528 13 622 536 370
324,average,12,24,2992,5941,784 557 277 693 678 147 385 399 512 933 353 223
325,average,12,25,3092,5703,858 550 230 779 542 629 158 239 397 181 185 955
326,average,12,26,2752,6610,633 127 546 587 900 741 910 67 4 752 586 757
327,average,12,27,2173,5390,479 625 352 291 706 647 69 950 382 299 587 3
328,average,12,28,3320,6972,598 15 757 254 704 464 882 675 428 813 453 929
329,average,12,29,3278,6186,449 919 906 750 763 143 893 682 59 64 112 446
330,average,12,30,3227,5757,763 229 191 857 296 27 615 971 210 793 438 367
331,average,14,1,3352,7008,925 13 542 152 420 774 255 630 685 501 277 630 372 832
332,average,14,2,4251,7802,621 994 100 229 147 420 941 482 883 883 138 167 828 969
333,average,14,3,3221,6724,191 133 440 35 608 979 913 240 875 264 582 979 303 182
334,average,14,4,4211,7782,190 87 638 654 933 537 96 640 537 835 489 376 791 979
335,average,14,5,2962,5969,860 957 123 35 176 197 808 257 22 728 123 438 696 549
336,average,14,6,3588,6942,443 537 23 871 280 925 437 73 932 908 482 434 96 501
337,average,14,7,3498,8314,696 38 755 972 860 503 150 894 236 438 190 720 992 870
338,average,14,8,3130,6409,469 396 267 276 359 260 429 740 788 935 379 259 183 669
339,average,14,9,2572,6417,294 281 92 881 696 79 828 402 682 220 614 135 732 481
340,average,14,10,3591,8122,642 632 959 347 651 607 395 957 635 182 680 385 400 650
341,average,14,11,3181,7532,556 394 585 611 633 278 691 835 282 158 797 525 321 866
342,average,14,12,3725,6981,741 734 668 184 213 515 412 748 189 783 267 328 456 743
343,average,14,13,3008,6134,168 318 250 515 876 441 200 273 717 102 945 90 598 641
344,average,14,14,4751,8834,662 872 50 945 831 432 850 299 798 883 329 499 769 615
345,average,14,15,2597,6360,280 345 126 754 19 868 460 395 237 144 600 896 901 335
346,average,14,16,3035,6237,293 398 526 774 611 279 26 727 338 456 309 250 420 830
347,average,14,17,4383,8149,986 471 289 332 821 652 817 719 753 834 1 516 498 460
348,average,14,18,2856,6347,834 830 360 861 750 194 844 541 566 44 24 195 114 190
349,average,14,19,3828,6856,228 521 690 788 623 33 644 849 51 846 949 135 426 73
350,average,14,20,3909,7852,159 923 265 421 210 765 859 877 901 221 149 867 847 388
351,average,14,21,2878,6889,588 383 155 749 208 488 961 325 775 179 120 511 564 883
352,average,14,22,2871,6547,260 680 915 356 295 60 835 941 433 326 64 706 36 640
353,average,14,23,2924,5512,590 399 545 169 5 85 586 246 899 40 749 53 884 262
354,average,14,24,2958,5535,47 92 801 540 255 564 254 276 968 313 545 363 118 399
355,average,14,25,4027,8411,728 189 631 701 877 879 815 776 102 240 780 659 891 143
356,average,14,26,2847,6816,290 164 349 933 877 271 612 157 274 136 755 991 876 131
357,average,14,27,4694,8327,370 509 996 369 318 838 542 668 776 488 477 624 950 402
358,average,14,28,3205,7293,549 885 636 446 408 281 595 210 541 518 805 577 539 303
359,average,14,29,4705,8107,272 804 680 49 95 424 817 795 711 731 237 935 692 865
360,average,14,30,3659,8255,311 83 820 923 252 753 837 320 333 517 898 816 878 514
361,average,15,1,4309,7523,14 775 178 867 733 55 652 323 630 305 470 850 824 95 752
362,average,15,2,2916,6969,296 312 570 49 257 939 325 258 697 964 416 965 453 401 67
363,average,15,3,3241,7826,354 307 622 388 9 602 211 459 778 861 813 658 795 56 913
364,average,15,4,3961,7152,749 38 223 984 115 451 114 511 872 164 135 841 944 805 206
365,average,15,5,4228,7791,554 141 442 753 31 548 543 490 276 307 28 858 998 980 842
366,average,15,6,3061,6964,831 91 414 792 494 497 390 135 219 352 785 390 899 575 100
367,average,15,7,3232,5733,465 76 387 197 660 4 132 441 281 848 291 60 428 749 714
368,average,15,8,3579,8253,414 560 983 223 21 72 899 250 721 943 606 545 596 549 871
369,average,15,9,4326,8015,241 146 934 858 143 415 822 13 319 240 540 779 842 729 994
370,average,15,10,3454,5884,9 995 87 305 735 154 318 457 557 25 811 453 153 651 174
371,average,15,11,4599,9687,181 856 628 586 724 717 79 237 917 402 936 791 815 910 908
372,average,15,12,3152,7754,919 153 319 844 584 434 675 421 239 700 466 607 467 839 87
373,average,15,13,3120,7783,854 326 860 246 346 370 881 61 248 976 532 544 432 656 451
374,average,15,14,3519,8582,701 757 735 421 228 701 762 113 169 997 832 632 847 490 197
375,average,15,15,4040,7355,699 574 605 264 495 265 50 489 801 180 763 566 294 665 645
376,average,15,16,2651,5257,165 88 28 29 476 444 647 922 478 499 47 738 50 221 425
377,average,15,17,3872,7602,668 509 371 456 516 401 852 268 891 758 37 122 798 720 235
378,average,15,18,4689,8046,706 599 540 826 729 409 525 222 305 567 857 547 129 861 224
379,average,15,19,4943,8298,554 431 803 250 246 703 951 769 830 128 143 738 921 534 297
380,average,15,20,3317,7114,634 278 123 544 750 503 141 909 759 247 753 356 44 704 369
381,average,15,21,4397,7765,530 578 610 214 504 234 811 695 863 494 101 302 729 896 204
382,average,15,22,3506,7229,136 230 70 917 197 777 905 619 137 278 993 948 366 596 60
383,average,15,23,3579,6760,475 297 101 401 417 241 32 868 637 600 537 661 60 568 865
384,average,15,24,2928,6757,588 975 186 647 150 132 65 417 38 529 853 632 43 641 861
385,average,15,25,4505,7539,888 334 212 843 168 493 134 808 302 587 291 504 727 401 847
386,average,15,26,3190,7713,341 742 612 683 920 893 463 443 392 441 95 280 592 250 566
387,average,15,27,3663,7036,203 382 888 20 484 314 742 336 174 296 159 958 599 826 655
388,average,15,28,3005,7405,174 423 882 754 656 194 98 347 723 850 787 396 367 658 96
389,average,15,29,4593,8649,80 677 690 379 999 347 548 914 796 93 935 980 315 277 619
390,average,15,30,4223,7649,365 952 313 624 297 803 191 493 926 284 330 937 499 554 81
391,average,16,1,3724,6784,195 818 289 352 469 207 47 555 593 425 974 425 109 249 939 138
392,average,16,2,3776,7088,654 385 496 789 389 83 348 205 169 167 614 643 677 397 623 449
393,average,16,3,2868,6350,22 244 444 130 74 983 161 347 220 436 865 317 631 710 255 511
394,average,16,4,3591,6459,8 475 474 63 536 572 260 497 346 825 409 650 459 658 10 217
395,average,16,5,2178,5271,150 867 43 283 367 157 48 77 43 820 472 476 167 310 971 20
396,average,16,6,4008,7834,240 606 597 770 603 674 283 646 38 826 695 450 919 331 2 154
397,average,16,7,4891,8586,885 895 452 144 223 268 576 881 404 594 121 814 151 548 640 990
398,average,16,8,5144,8886,357 969 605 515 143 962 460 323 651 578 752 371 742 554 733 171
399,average,16,9,4819,8889,930 714 441 345 477 521 745 119 24 942 456 548 482 765 896 484
400,average,16,10,3334,8157,86 534 37 763 583 349 624 863 396 933 241 308 729 821 152 738
401,average,16,11,5013,8881,330 607 867 824 512 913 696 645 437 784 512 42 825 856 28 3
402,average,16,12,3597,7903,740 525 781 955 873 275 28 204 519 466 512 110 870 525 341 179
403,average,16,13,3747,8288,117 439 523 772 385 47 348 519 675 871 224 338 306 910 989 825
404,average,16,14,4201,7274,4 696 112 695 113 251 509 918 611 408 888 168 708 680 506 7
405,average,16,15,5032,8404,658 97 325 393 922 880 767 427 895 142 580 955 289 403 571 100
406,average,16,16,3748,6730,382 989 87 463 219 59 546 281 885 269 128 461 286 522 659 494
407,average,16,17,4441,7455,358 846 99 654 463 988 124 902 351 110 448 718 248 219 25 902
408,average,16,18,5673,9966,311 725 999 128 580 773 900 503 610 943 391 968 692 91 864 488
409,average,16,19,3775,7715,677 700 9 281 269 443 794 474 943 383 504 87 435 674 532 510
410,average,16,20,4835,8613,872 644 904 594 129 645 823 291 678 54 801 867 568 199 82 462
411,average,16,21,3748,6754,191 436 310 158 179 483 141 528 876 848 33 644 226 453 302 946
412,average,16,22,4497,8649,750 426 748 260 182 156 788 400 469 485 834 524 961 202 627 837
413,average,16,23,3657,7037,950 228 195 673 61 35 977 336 755 162 902 716 315 177 246 309
414,average,16,24,5211,9870,813 348 868 963 400 275 334 721 734 358 517 521 190 883 976 969
415,average,16,25,5303,9176,775 73 256 692 649 863 342 486 795 54 405 991 932 926 858 79
416,average,16,26,4128,7897,842 926 582 547 199 425 355 484 34 490 380 409 82 878 320 944
417,average,16,27,4457,9018,498 358 552 511 228 842 432 568 691 765 266 883 717 657 943 107
418,average,16,28,4950,9240,536 897 209 962 32 995 790 296 321 166 332 809 781 914 857 343
419,average,16,29,3950,8070,703 334 640 456 573 587 949 240 225 45 309 906 368 742 686 307
420,average,16,30,3350,7430,731 472 891 815 342 796 39 299 97 148 483 191 288 519 743 576
421,average,18,1,4402,8751,278 835 94 249 974 931 18 141 175 682 967 819 105 574 292 14 828 775
422,average,18,2,3311,8173,339 115 734 797 418 29 827 709 71 715 170 92 328 104 108 937 816 864
423,average,18,3,4792,9055,301 469 681 573 289 964 622 75 463 550 584 21 930 487 801 591 471 183
424,average,18,4,3801,8352,916 450 534 4 810 473 996 149 52 213 244 179 705 659 501 856 81 530
425,average,18,5,4768,10515,514 369 624 856 841 948 356 157 370 786 897 309 600 211 893 963 534 287
426,average,18,6,5130,8895,439 659 233 504 247 772 168 766 878 681 17 590 794 479 227 59 758 624
427,average,18,7,5713,9587,910 419 520 17 263 183 777 992 404 364 961 612 992 71 561 458 298 785
428,average,18,8,4374,8735,37 396 487 941 597 686 135 714 143 888 27 877 273 127 502 929 503 473
429,average,18,9,4191,7384,148 725 207 627 332 356 277 852 906 248 255 163 744 306 629 41 545 23
430,average,18,10,2438,5231,336 613 322 559 347 425 110 188 105 53 424 202 136 178 742 195 138 158
431,average,18,11,4169,8686,963 639 530 919 851 131 396 830 34 62 255 221 879 215 658 321 592 190
432,average,18,12,4840,9570,793 47 136 954 629 923 316 492 184 76 976 746 265 532 786 472 553 690
433,average,18,13,3257,7940,495 899 287 684 401 36 897 952 7 430 136 87 506 294 38 651 281 859
434,average,18,14,4090,9430,773 973 34 255 430 153 123 570 687 845 487 809 878 96 286 728 311 992
435,average,18,15,4287,7681,310 573 372 541 341 487 230 789 953 213 258 394 278 168 54 554 246 920
436,average,18,16,5060,9310,302 754 60 220 178 597 904 929 327 334 909 820 586 487 700 432 662 109
437,average,18,17,3948,7378,952 285 467 494 428 89 762 351 547 75 731 321 190 702 133 73 624 154
438,average,18,18,5048,10247,818 663 252 337 989 469 198 290 218 589 906 902 119 786 133 882 781 915
439,average,18,19,5361,9819,973 81 533 984 91 986 718 97 947 221 541 294 736 614 604 575 399 425
440,average,18,20,4461,8860,610 871 29 77 837 610 961 311 606 419 590 277 778 149 529 316 145 745
441,average,18,21,5485,9936,755 776 837 873 173 293 425 477 935 905 724 766 142 193 826 396 85 355
442,average,18,22,5549,9276,952 898 202 76 473 331 853 649 426 293 405 598 238 575 785 472 629 421
443,average,18,23,4714,10029,683 501 913 678 462 621 624 335 140 958 928 207 993 274 544 690 313 165
444,average,18,24,6316,10853,829 22 806 993 452 607 899 771 713 300 535 564 78 960 500 921 165 738
445,average,18,25,4232,9932,335 150 925 447 318 941 736 102 475 188 644 584 346 882 408 889 731 831
446,average,18,26,2829,7039,457 354 56 51 428 720 124 795 703 466 117 601 83 216 859 480 468 61
447,average,18,27,7054,11999,723 971 870 805 659 780 880 369 903 771 606 892 944 106 5 383 552 780
448,average,18,28,5224,8969,605 304 140 672 939 211 445 171 57 956 413 951 867 980 235 50 303 670
449,average,18,29,5056,10416,297 286 787 904 611 332 789 906 864 854 874 59 644 383 418 5 728 675
450,average,18,30,4034,8159,94 288 439 282 503 831 545 4 385 736 895 844 243 756 141 65 357 751
451,average,20,1,4459,10955,51 264 981 817 4 673 379 114 797 859 757 481 919 189 990 578 188 442 475 997
452,average,20,2,4426,10985,601 425 244 676 922 953 824 978 915 750 352 608 56 708 389 132 342 678 244 188
453,average,20,3,6097,11679,899 154 690 328 970 844 964 177 950 45 843 598 856 301 595 427 556 538 97 847
454,average,20,4,5746,10047,913 164 266 211 928 82 387 876 882 86 490 731 511 709 757 448 848 412 122 224
455,average,20,5,4999,8802,421 499 526 403 127 689 74 659 926 487 125 15 589 908 878 269 83 996 66 62
456,average,20,6,5106,11310,28 804 982 580 747 501 382 795 167 459 840 600 120 991 354 369 877 785 391 538
457,average,20,7,4917,9116,263 398 840 73 507 207 41 248 626 367 497 652 697 748 63 991 395 486 605 412
458,average,20,8,5670,9986,119 196 47 100 735 280 848 241 579 460 43 959 894 553 727 430 586 981 522 686
459,average,20,9,4949,8825,180 47 352 878 110 23 46 380 62 857 793 436 128 621 867 420 334 763 910 618
460,average,20,10,4494,8032,257 266 716 412 186 352 47 60 899 55 466 338 117 685 56 967 412 998 239 504
461,average,20,11,4875,9473,402 300 556 182 149 904 784 300 585 247 883 171 698 72 462 813 120 343 861 641
462,average,20,12,4930,9150,638 224 199 491 96 198 843 440 828 544 814 717 77 341 26 655 886 613 43 477
463,average,20,13,3828,9406,536 438 119 748 867 93 132 40 865 304 833 996 264 469 587 39 735 550 358 433
464,average,20,14,5155,9702,736 186 359 754 275 284 654 911 948 263 447 616 967 286 565 315 569 211 249 107
465,average,20,15,4569,10348,462 384 421 52 569 81 954 456 898 883 828 954 960 526 276 973 106 11 182 372
466,average,20,16,6107,10236,690 132 861 564 629 822 296 942 111 571 330 570 417 684 428 656 641 507 106 279
467,average,20,17,5601,10458,194 759 540 476 189 698 702 332 679 642 764 46 467 289 731 844 692 753 46 615
468,average,20,18,5521,11794,721 233 542 934 396 168 391 800 76 813 746 937 990 327 275 771 809 377 581 907
469,average,20,19,3904,8839,276 9 656 201 96 342 769 109 541 831 399 370 663 889 172 16 942 559 647 352
470,average,20,20,4315,9031,4 475 118 806 317 945 560 987 271 694 216 179 529 345 383 562 584 157 616 283
471,average,20,21,5370,10493,710 219 790 895 705 410 681 719 197 873 354 33 290 94 986 579 858 248 723 129
472,average,20,22,5064,11629,978 219 10 410 529 380 651 865 773 729 78 957 408 391 132 863 808 904 699 845
473,average,20,23,5197,9754,689 109 170 525 611 713 107 875 16 749 43 586 306 385 231 701 830 324 944 840
474,average,20,24,4738,10115,292 235 886 245 659 463 684 671 420 216 776 691 766 318 171 232 661 379 682 668
475,average,20,25,5461,10626,779 952 287 440 677 223 987 711 151 170 577 121 921 329 518 765 316 466 800 436
476,average,20,26,7036,12203,872 166 934 653 661 29 257 450 862 874 965 447 733 272 594 272 995 915 949 303
477,average,20,27,4643,8850,199 508 713 168 781 997 412 386 112 893 72 335 809 295 18 429 576 61 789 297
478,average,20,28,3269,7703,955 711 252 302 33 13 502 108 411 246 201 384 386 390 40 418 885 167 835 464
479,average,20,29,6712,12101,249 258 507 937 414 469 69 848 423 977 602 580 585 973 298 819 819 984 360 930
480,average,20,30,5227,11311,474 970 849 979 681 91 149 113 790 268 588 971 17 530 169 779 869 895 906 223
481,worst,8,1,4732,4731,30 809 515 170 773 768 978 688
482,worst,8,2,2976,2975,236 203 182 828 186 148 576 616
483,worst,8,3,3050,3049,413 24 423 142 893 53 673 428
484,worst,8,4,4943,4942,766 127 637 557 470 656 960 769
485,worst,8,5,4505,4504,333 786 211 908 918 382 161 805
486,worst,8,6,4002,4001,878 132 116 404 152 758 583 978
487,worst,8,7,4387,4386,233 94 547 851 177 753 823 908
488,worst,8,8,2699,2698,96 143 907 197 367 172 636 180
489,worst,8,9,4920,4919,739 251 922 901 493 564 636 413
490,worst,8,10,5543,5542,562 851 727 451 662 620 674 995
491,worst,8,11,4576,4575,898 804 396 235 278 454 750 760
492,worst,8,12,5876,5875,794 808 588 769 756 671 872 617
493,worst,8,13,4823,4822,966 358 560 987 760 409 253 529
494,worst,8,14,3162,3161,436 148 336 951 366 334 285 305
495,worst,8,15,2527,2526,988 150 101 240 173 123 34 717
496,worst,8,16,3903,3902,872 186 730 708 442 832 54 78
497,worst,8,17,4736,4735,260 139 460 949 745 404 922 856
498,worst,8,18,3877,3876,444 906 338 576 209 790 268 345
499,worst,8,19,4428,4427,116 922 306 554 939 279 419 892
500,worst,8,20,4478,4477,755 721 676 346 296 363 366 954
501,worst,8,21,5039,5038,793 864 535 654 382 658 509 643
502,worst,8,22,3240,3239,716 235 299 64 444 963 409 109
503,worst,8,23,4495,4494,182 921 394 709 428 807 808 245
504,worst,8,24,3727,3726,132 541 116 662 665 443 270 897
505,worst,8,25,3626,3625,498 372 358 306 42 584 921 544
506,worst,8,26,4222,4221,536 172 797 611 121 691 693 600
507,worst,8,27,4195,4194,511 940 411 290 578 209 483 772
508,worst,8,28,3458,3457,745 338 728 8 229 94 905 410
509,worst,8,29,4655,4654,266 411 803 622 566 452 803 731
510,worst,8,30,3410,3409,929 266 884 238 93 124 509 366
511,worst,10,1,5503,5502,770 980 141 214 1000 441 52 40 950 914
512,worst,10,2,4785,4784,192 28 472 27 911 818 72 571 830 863
513,worst,10,3,4752,4751,12 914 856 450 534 420 124 850 445 146
514,worst,10,4,4903,4902,940 159 135 444 896 168 860 454 155 691
515,worst,10,5,5139,5138,452 36 393 835 758 544 999 77 49 995
516,worst,10,6,4500,4499,788 380 619 430 636 96 276 150 225 899
517,worst,10,7,4349,4348,202 186 280 485 894 403 130 719 639 410
518,worst,10,8,5357,5356,336 439 551 653 868 980 759 36 512 222
519,worst,10,9,4957,4956,361 915 788 51 644 92 780 75 854 396
520,worst,10,10,5106,5105,328 757 412 868 157 301 472 413 670 727
521,worst,10,11,6212,6211,741 924 225 929 944 806 194 957 18 473
522,worst,10,12,4392,4391,73 183 101 226 875 409 494 548 632 850
523,worst,10,13,4742,4741,402 915 434 490 92 42 463 935 526 442
524,worst,10,14,4602,4601,616 186 904 268 354 923 487 313 492 58
525,worst,10,15,6380,6379,543 800 379 960 196 170 767 698 866 1000
526,worst,10,16,3750,3749,211 469 287 455 33 896 391 754 159 94
527,worst,10,17,5180,5179,366 318 682 990 254 638 242 555 745 389
528,worst,10,18,4032,4031,58 33 715 275 776 601 176 813 46 538
529,worst,10,19,4393,4392,142 298 850 420 969 221 568 48 485 391
530,worst,10,20,6250,6249,616 35 754 382 508 961 604 485 938 966
531,worst,10,21,5274,5273,802 727 537 738 310 14 915 158 597 475
532,worst,10,22,4913,4912,968 225 126 347 710 881 875 153 4 623
533,worst,10,23,4348,4347,160 261 336 827 221 112 143 908 381 998
534,worst,10,24,5342,5341,706 311 580 349 153 567 747 433 506 989
535,worst,10,25,5657,5656,879 471 788 332 540 615 676 677 129 549
536,worst,10,26,6561,6560,707 953 222 515 835 432 319 818 845 914
537,worst,10,27,5361,5360,32 785 293 589 575 708 507 687 747 437
538,worst,10,28,4783,4782,794 517 106 764 265 909 499 712 214 2
539,worst,10,29,5332,5331,693 198 329 629 415 221 847 826 982 191
540,worst,10,30,5605,5604,544 528 825 341 767 668 743 406 711 71
541,worst,12,1,6220,6219,773 302 248 346 469 561 733 574 94 805 862 452
542,worst,12,2,6056,6055,42 554 492 653 223 950 127 141 931 352 750 840
543,worst,12,3,5347,5346,206 571 740 257 869 785 409 625 101 97 415 271
544,worst,12,4,6472,6471,568 837 768 268 705 597 437 49 430 369 562 881
545,worst,12,5,7324,7323,845 644 51 342 289 712 969 557 575 471 979 889
546,worst,12,6,6138,6137,1000 950 296 381 163 664 61 422 641 759 396 404
547,worst,12,7,4262,4261,183 39 312 122 613 873 302 56 189 707 540 325
548,worst,12,8,8387,8386,970 919 966 574 314 886 581 994 202 942 394 644
549,worst,12,9,5082,5081,170 196 149 95 943 896 78 800 23 797 114 820
550,worst,12,10,6820,6819,732 230 638 575 513 906 44 684 527 490 557 923
551,worst,12,11,4730,4729,849 319 17 55 563 9 604 330 197 547 427 812
552,worst,12,12,4486,4485,324 193 299 164 208 920 278 28 923 309 685 154
553,worst,12,13,6123,6122,562 162 582 599 219 904 62 288 792 451 547 954
554,worst,12,14,6817,6816,693 524 739 379 973 920 412 816 740 24 308 288
555,worst,12,15,5752,5751,373 851 403 63 328 387 915 938 261 319 173 740
556,worst,12,16,5506,5505,83 425 72 610 392 659 345 319 852 826 805 117
557,worst,12,17,4709,4708,262 829 499 334 310 244 8 946 257 594 381 44
558,worst,12,18,7111,7110,161 193 591 440 823 714 734 354 570 826 713 991
559,worst,12,19,6456,6455,176 598 238 280 727 878 379 818 362 387 943 669
560,worst,12,20,5966,5965,641 498 606 208 42 953 696 239 893 208 699 282
561,worst,12,21,5745,5744,537 842 378 405 368 792 206 975 57 359 686 139
562,worst,12,22,5288,5287,313 303 442 601 978 302 389 97 410 181 951 320
563,worst,12,23,6447,6446,366 221 601 934 471 656 326 993 368 847 438 225
564,worst,12,24,6687,6686,553 164 492 250 935 625 969 916 667 47 924 144
565,worst,12,25,3130,3129,94 172 175 21 14 64 235 882 594 1 713 164
566,worst,12,26,6154,6153,933 946 514 59 110 682 784 875 84 403 183 580
567,worst,12,27,4718,4717,81 305 639 430 873 284 389 14 575 213 19 895
568,worst,12,28,5640,5639,272 877 749 146 787 37 344 97 783 24 584 939
569,worst,12,29,5526,5525,443 222 145 329 749 657 915 9 384 731 840 101
570,worst,12,30,8384,8383,389 955 662 709 965 958 71 946 497 811 701 719
571,worst,14,1,7694,7693,398 704 284 88 796 427 533 662 623 5 660 960 873 680
572,worst,14,2,6858,6857,360 606 853 713 560 741 314 490 115 286 838 274 68 639
573,worst,14,3,8059,8058,273 852 882 933 386 412 373 562 568 951 968 479 97 322
574,worst,14,4,6916,6915,74 500 346 779 532 396 926 80 853 30 733 923 608 135
575,worst,14,5,8824,8823,608 246 966 678 785 35 511 655 647 933 939 413 651 756
576,worst,14,6,5524,5523,812 593 212 151 31 744 359 265 338 104 493 159 342 920
577,worst,14,7,6543,6542,511 749 187 434 321 554 275 687 127 850 442 84 789 532
578,worst,14,8,7190,7189,628 476 976 767 268 224 677 803 352 23 60 778 492 665
579,worst,14,9,6511,6510,662 685 607 623 208 174 116 664 254 820 412 189 317 779
580,worst,14,10,5591,5590,771 703 400 358 89 508 300 227 834 180 180 279 717 44
581,worst,14,11,5900,5899,276 902 237 472 466 213 80 732 690 630 47 696 84 374
582,worst,14,12,6983,6982,843 72 951 345 371 541 92 48 691 457 737 87 941 806
583,worst,14,13,7856,7855,295 816 828 920 376 896 867 481 241 127 459 607 180 762
584,worst,14,14,7058,7057,308 15 724 276 632 378 496 855 859 484 462 475 520 573
585,worst,14,15,5492,5491,245 4 468 172 371 193 680 517 865 643 124 381 250 578
586,worst,14,16,6876,6875,348 889 369 4 429 658 865 398 170 35 356 938 591 825
587,worst,14,17,5868,5867,631 77 879 750 465 98 740 304 13 164 313 762 217 454
588,worst,14,18,5779,5778,165 175 920 855 419 731 587 870 385 72 31 341 218 9
589,worst,14,19,8526,8525,775 911 122 873 779 655 402 376 662 861 508 570 209 822
590,worst,14,20,6906,6905,583 181 544 207 308 603 440 393 781 700 344 302 574 945
591,worst,14,21,6206,6205,325 826 287 335 423 184 502 671 506 54 280 519 731 562
592,worst,14,22,5879,5878,253 880 99 293 758 91 717 479 114 759 349 374 183 529
593,worst,14,23,6340,6339,439 669 513 371 854 56 194 280 693 866 421 329 209 445
594,worst,14,24,8349,8348,45 584 357 378 804 696 742 138 496 904 724 808 998 674
595,worst,14,25,4611,4610,301 303 167 527 188 228 779 163 531 334 295 38 437 319
596,worst,14,26,6171,6170,350 784 181 302 853 630 402 314 428 373 752 51 598 152
597,worst,14,27,7266,7265,500 665 520 72 248 718 790 295 239 500 937 902 631 248
598,worst,14,28,6500,6499,35 264 721 272 369 642 791 276 585 543 745 267 604 385
599,worst,14,29,8834,8833,550 622 497 475 845 549 366 602 285 472 983 940 898 749
600,worst,14,30,4068,4067,339 60 146 302 262 324 276 468 270 221 627 539 96 137
601,worst,15,1,7608,7607,372 286 549 813 55 836 603 180 647 46 981 478 127 803 831
602,worst,15,2,8631,8630,247 458 697 238 861 494 219 845 982 689 545 21 743 969 622
603,worst,15,3,8835,8834,147 883 303 887 478 991 646 608 449 568 277 569 831 557 640
604,worst,15,4,8175,8174,874 15 227 52 819 808 960 112 961 693 658 187 732 253 823
605,worst,15,5,8574,8573,782 832 4 534 905 21 336 571 956 257 934 173 848 814 606
606,worst,15,6,6564,6563,445 778 347 979 498 44 271 865 537 383 348 454 301 11 302
607,worst,15,7,8682,8681,488 757 757 878 821 703 718 380 665 787 299 183 256 886 103
608,worst,15,8,7426,7425,846 892 43 934 234 124 779 412 815 585 75 982 67 434 203
609,worst,15,9,6988,6987,624 456 705 106 515 91 241 303 846 748 10 704 897 363 378
610,worst,15,10,6163,6162,987 362 575 114 192 12 557 629 747 51 11 863 988 12 62
611,worst,15,11,8259,8258,627 924 323 841 345 303 244 122 908 833 49 761 385 682 911
612,worst,15,12,7577,7576,965 142 38 666 447 920 634 846 274 384 525 863 130 25 717
613,worst,15,13,6779,6778,790 269 114 675 33 971 602 562 911 10 174 142 513 436 576
614,worst,15,14,7824,7823,273 86 985 657 322 915 523 384 603 58 913 435 641 612 416
615,worst,15,15,6921,6920,105 989 439 508 207 447 892 861 805 652 545 116 19 79 256
616,worst,15,16,7632,7631,233 474 136 966 502 312 829 614 976 395 583 598 475 63 475
617,worst,15,17,5919,5918,122 162 670 684 525 216 190 660 339 853 330 406 141 514 106
618,worst,15,18,9447,9446,478 431 793 284 907 541 946 931 179 984 419 817 518 756 462
619,worst,15,19,7500,7499,7 692 449 762 402 624 724 734 175 329 689 996 133 617 166
620,worst,15,20,7764,7763,548 657 92 372 963 601 706 483 978 506 102 464 213 122 956
621,worst,15,21,7626,7625,994 737 54 878 913 381 336 229 85 254 683 301 747 156 877
622,worst,15,22,6042,6041,504 29 702 500 118 612 221 391 625 70 824 69 427 371 578
623,worst,15,23,6791,6790,293 396 310 264 562 701 518 837 544 183 791 704 250 285 152
624,worst,15,24,9079,9078,644 93 422 818 414 903 913 254 711 473 696 112 955 755 915
625,worst,15,25,9150,9149,757 730 520 136 529 522 785 560 833 345 849 696 628 918 341
626,worst,15,26,6354,6353,189 59 99 629 435 272 167 969 348 990 431 488 402 204 671
627,worst,15,27,8368,8367,843 252 525 956 706 691 645 625 659 26 271 463 708 810 187
628,worst,15,28,8305,8304,568 268 107 289 979 670 510 563 970 926 605 250 859 195 545
629,worst,15,29,8284,8283,771 276 505 238 597 594 859 880 627 489 395 316 705 111 920
630,worst,15,30,6659,6658,545 26 582 136 186 451 959 314 638 248 179 374 521 843 656
631,worst,16,1,9288,9287,645 579 777 431 321 734 427 514 59 978 953 428 878 571 337 655
632,worst,16,2,8169,8168,614 948 429 148 786 289 759 909 305 869 747 63 16 633 259 394
633,worst,16,3,7563,7562,810 299 199 761 268 791 96 692 8 253 61 867 539 419 714 785
634,worst,16,4,8817,8816,166 843 880 777 50 934 818 408 161 357 685 736 881 163 279 678
635,worst,16,5,10507,10506,842 733 380 793 667 608 822 977 265 712 973 519 460 282 494 979
636,worst,16,6,6426,6425,164 128 288 654 488 658 95 235 46 498 560 731 784 129 61 906
637,worst,16,7,9137,9136,389 995 583 842 581 527 742 816 496 805 572 537 174 203 51 823
638,worst,16,8,8137,8136,543 205 141 785 814 541 407 479 473 662 385 967 545 763 245 181
639,worst,16,9,5983,5982,111 468 33 995 126 565 497 209 259 278 502 105 143 748 753 190
640,worst,16,10,8268,8267,756 831 383 923 126 693 636 717 467 100 798 861 454 33 460 29
641,worst,16,11,8061,8060,790 496 435 384 175 189 399 226 992 810 753 611 742 266 63 729
642,worst,16,12,7024,7023,868 207 774 320 454 127 276 332 174 161 810 576 947 302 162 533
643,worst,16,13,7368,7367,271 298 884 251 923 12 389 723 871 385 795 632 3 719 15 196
644,worst,16,14,8291,8290,558 681 859 788 897 123 389 104 620 888 415 351 127 67 684 739
645,worst,16,15,8910,8909,755 900 862 819 785 506 191 441 245 418 206 781 927 13 185 875
646,worst,16,16,7731,7730,31 334 86 571 648 976 609 465 606 307 561 661 364 766 231 514
647,worst,16,17,8272,8271,765 570 886 700 476 848 180 186 657 575 938 199 203 177 245 666
648,worst,16,18,8925,8924,684 850 945 145 387 448 612 856 442 956 106 992 937 21 313 230
649,worst,16,19,7792,7791,484 652 426 46 510 346 432 281 268 811 822 319 968 935 243 248
650,worst,16,20,8169,8168,649 640 387 865 583 619 393 603 651 1 714 264 205 814 464 316
651,worst,16,21,7699,7698,913 213 220 272 429 645 215 893 437 603 946 733 390 154 511 124
652,worst,16,22,6755,6754,950 962 279 765 22 201 250 47 782 913 171 214 572 19 519 88
653,worst,16,23,5773,5772,742 918 322 230 37 92 49 752 147 45 172 424 204 686 409 543
654,worst,16,24,9241,9240,154 524 449 784 431 798 89 523 897 491 233 904 974 925 328 736
655,worst,16,25,10465,10464,863 544 799 521 967 973 35 246 424 903 566 941 625 637 784 636
656,worst,16,26,8665,8664,173 926 193 793 937 441 631 284 156 120 736 985 681 636 637 335
657,worst,16,27,7015,7014,527 86 336 514 266 446 752 575 348 450 8 534 324 553 901 394
658,worst,16,28,8456,8455,755 349 462 457 552 430 369 611 139 587 927 379 842 548 693 355
659,worst,16,29,9138,9137,702 497 904 463 872 539 349 525 31 260 876 52 499 725 883 960
660,worst,16,30,7675,7674,143 607 569 60 418 713 417 958 907 866 237 780 74 83 93 749
661,worst,18,1,6850,6849,399 303 560 931 194 290 29 107 695 761 256 335 41 834 22 195 629 268
662,worst,18,2,8804,8803,622 218 749 690 734 575 50 32 793 990 747 718 545 408 151 216 75 490
663,worst,18,3,10815,10814,986 837 64 627 346 105 390 627 782 685 582 764 232 773 775 812 438 989
664,worst,18,4,8904,8903,103 802 800 298 92 707 119 452 314 246 798 815 662 636 871 218 949 21
665,worst,18,5,8434,8433,251 660 550 936 136 231 273 936 154 403 110 956 472 656 283 479 210 737
666,worst,18,6,8466,8465,414 67 357 812 557 373 81 994 587 545 924 176 588 548 150 104 189 999
667,worst,18,7,9195,9194,493 815 900 561 132 129 626 371 662 699 958 295 450 799 549 243 292 220
668,worst,18,8,12853,12852,611 558 937 885 379 821 950 785 934 929 104 495 430 557 809 896 972 800
669,worst,18,9,8413,8412,124 465 256 763 423 385 515 405 252 813 182 952 538 477 204 607 394 657
670,worst,18,10,8266,8265,841 245 453 917 688 49 536 364 296 135 542 457 756 535 632 380 153 286
671,worst,18,11,10116,10115,554 478 744 570 79 780 132 958 359 556 733 405 585 800 740 38 910 694
672,worst,18,12,9473,9472,310 502 493 400 277 825 837 422 919 520 412 260 117 727 205 686 777 783
673,worst,18,13,8070,8069,731 795 370 650 264 372 421 99 348 657 550 973 352 493 203 500 269 22
674,worst,18,14,8243,8242,334 705 126 715 416 272 427 680 269 904 518 575 392 104 534 254 191 826
675,worst,18,15,8877,8876,775 345 424 400 493 709 178 485 803 246 952 107 433 561 938 419 329 279
676,worst,18,16,8613,8612,754 103 525 16 332 950 429 770 170 794 609 605 748 152 243 322 757 333
677,worst,18,17,8031,8030,303 345 170 505 62 698 325 464 461 429 72 260 980 998 134 40 877 907
678,worst,18,18,7610,7609,658 51 189 508 229 369 667 237 767 662 5 558 47 140 635 20 976 891
679,worst,18,19,7733,7732,431 886 234 85 206 147 744 207 553 403 155 690 850 474 90 775 723 79
680,worst,18,20,11548,11547,715 910 661 762 618 453 851 768 65 668 523 350 682 827 873 496 918 407
681,worst,18,21,9704,9703,743 399 584 837 451 184 893 399 555 706 499 497 659 758 768 356 365 50
682,worst,18,22,8876,8875,209 854 329 256 450 522 100 509 633 837 992 607 481 114 455 824 442 261
683,worst,18,23,10324,10323,814 624 902 993 922 929 83 353 948 181 688 362 795 47 724 52 524 382
684,worst,18,24,9064,9063,259 887 468 45 357 706 335 523 1 678 778 262 764 816 24 686 842 632
685,worst,18,25,8709,8708,388 250 338 143 350 503 319 613 703 515 660 985 408 926 682 696 39 190
686,worst,18,26,7849,7848,961 628 618 220 340 257 766 9 600 163 548 326 699 219 137 964 168 225
687,worst,18,27,9435,9434,477 955 187 902 579 961 152 338 864 268 232 787 549 455 341 516 462 409
688,worst,18,28,10479,10478,575 539 582 441 693 962 399 967 681 720 823 56 15 746 923 375 938 43
689,worst,18,29,8668,8667,312 354 900 481 146 797 140 572 316 693 580 585 587 55 615 629 898 7
690,worst,18,30,9821,9820,54 155 290 326 509 507 436 694 984 472 549 564 125 743 749 996 957 710
691,worst,20,1,12005,12004,21 533 61 491 571 892 246 624 976 947 751 881 362 755 518 211 710 651 870 933
692,worst,20,2,9687,9686,491 481 380 62 452 776 964 537 254 346 131 661 798 954 457 765 392 95 144 546
693,worst,20,3,8842,8841,332 9 512 608 449 755 12 262 626 797 235 35 588 617 274 148 805 684 128 965
694,worst,20,4,10399,10398,454 298 634 480 700 273 858 614 502 913 841 213 449 851 159 727 90 353 124 865
695,worst,20,5,12386,12385,329 108 631 740 442 36 705 805 637 901 994 602 837 992 292 833 532 942 560 467
696,worst,20,6,9056,9055,403 319 143 893 739 306 826 302 108 172 595 887 638 447 300 252 32 268 734 691
697,worst,20,7,9839,9838,323 850 791 213 490 688 767 537 646 216 16 794 425 296 145 774 245 528 884 210
698,worst,20,8,12275,12274,566 961 673 621 494 219 369 998 743 578 49 924 949 544 838 386 425 515 749 673
699,worst,20,9,8222,8221,212 219 1000 707 38 352 233 670 703 570 93 82 775 56 440 182 707 214 15 953
700,worst,20,10,9703,9702,816 55 938 320 499 47 318 332 876 107 954 644 212 983 596 346 257 27 684 691
701,worst,20,11,9346,9345,51 770 780 559 121 292 700 130 991 484 362 378 135 860 351 407 536 467 625 346
702,worst,20,12,7648,7647,335 362 306 231 26 58 424 478 507 253 484 581 804 385 108 802 861 454 177 11
703,worst,20,13,9792,9791,732 212 255 184 463 434 89 140 252 953 622 275 830 434 342 840 589 755 425 965
704,worst,20,14,7882,7881,97 427 601 594 54 1 909 72 419 952 47 117 413 73 408 685 550 362 970 130
705,worst,20,15,10173,10172,389 152 7 164 270 559 754 481 172 452 754 520 868 715 423 824 793 545 623 707
706,worst,20,16,9283,9282,821 483 386 61 267 561 982 643 172 487 404 742 613 204 508 185 95 118 809 741
707,worst,20,17,10383,10382,158 362 283 173 880 212 431 552 337 27 558 978 785 734 877 466 459 932 863 315
708,worst,20,18,11053,11052,764 822 583 604 695 59 974 47 831 134 293 668 152 571 671 455 844 954 111 820
709,worst,20,19,12247,12246,782 984 100 859 487 968 342 890 534 850 596 956 801 179 811 460 180 174 796 497
710,worst,20,20,10994,10993,778 929 579 743 981 600 236 527 466 233 590 426 871 145 698 223 861 292 120 695
711,worst,20,21,9855,9854,495 718 845 247 84 664 617 686 482 298 629 170 970 731 695 222 640 246 107 308
712,worst,20,22,9769,9768,287 302 981 547 410 167 30 81 51 477 698 912 568 545 510 731 353 893 483 742
713,worst,20,23,10187,10186,46 786 260 190 601 946 78 751 449 338 1 678 80 999 833 492 757 889 572 440
714,worst,20,24,9603,9602,810 241 86 361 745 423 940 879 209 903 181 499 170 864 632 244 661 90 25 639
715,worst,20,25,11558,11557,434 300 921 968 936 270 572 558 752 622 793 691 384 100 665 839 55 696 479 522
716,worst,20,26,9280,9279,889 702 188 252 116 419 850 91 407 793 397 465 493 30 159 479 286 617 742 904
717,worst,20,27,10808,10807,805 391 98 219 36 646 555 872 634 690 229 825 483 447 893 810 394 480 461 839
718,worst,20,28,8654,8653,596 834 910 191 317 424 886 363 59 479 325 107 102 251 463 144 402 774 822 204
719,worst,20,29,10765,10764,12 353 908 130 833 958 584 370 982 781 743 867 509 657 982 481 325 186 12 91
720,worst,20,30,8197,8196,545 11 414 68 683 728 208 280 619 743 306 338 12 833 495 769 325 379 131 309
